H355,00476,1,26,,,,,,,,,,,
H355,00477,1,26,,,,,,,,,,,
H240,03371,1,26,,,,,,,,시트명,H2,,
H231,14748,1,26,,,,,,,,,,,
H232,14730,1,26,,,,,,,,,,,
H232,14730,2,26,,,,,,,,,,,
H232,14725,1,26,,,,,,,,시트명,,,
H232,14725,2,26,,,,,,,,,,,
N231,04729,1,26,,,,,,,,,,,
N231,04729,2,26,,,,,,,,,,,
N231,04693,1,26,,,,,,,,,,,
N231,04696,1,26,,,,,,,,,,,
N231,04697,1,26,,,,,,,,,,,
H234,14761,1,26,,,,,,,,,,,
H234,14761,4,26,,,,,,,,,,,
H231,14773,1,26,,,,,,,,,,,
H231,14773,2,26,,,,,,,,,,,
H231,14773,3,26,,,,,,,,,,,
H231,14773,4,26,,,,,,,,,,,
H240,03378,1,26,,,,,,,,,,,
H234,14754,1,26,,,,,,,,,,,
H234,14754,2,26,,,,,,,,,,,
H234,14756,1,26,,,,,,,,,,,
H234,14756,2,26,,,,,,,,,,,
H234,14749,1,26,,,,,,,,,,,
H234,14749,3,26,,,,,,,,,,,
H234,14749,4,26,,,,,,,,,,,
H234,14776,1,26,,,,,,,,,,,
H234,14776,2,26,,,,,,,,,,,
K231,09959,1,26,,,,,,,,,,,
